{
    "combined_score": 4117.2536172931,
    "public": {
        "score": 4117.2536172931,
        "base_score": 363.83059490230596,
        "time_bonus": 1474.2955591120797,
        "energy_bonus": 2479.127463278715,
        "success_bonus": 800.0,
        "stabilization_time": 298,
        "stabilization_ratio": 0.298,
        "avg_energy_per_step": 0.011741681324467223,
        "total_energy": 11.741681324467223,
        "mean_step_reward": 0.36383059490230596,
        "final_theta_error": 2.2332750558184955e-05,
        "final_x_error": 0.42904401471596865,
        "stable_theta_error": 0.004972826315015658,
        "stable_x_error": 0.3658623302380447
    },
    "private": {
        "oscillation_penalty": -0.0,
        "angle_oscillation_penalty": -0.0,
        "boundary_penalty": -1000.0,
        "unstable_penalty": 0.0,
        "max_theta": 1.0199999999999996,
        "max_x": 9.602719657162854,
        "max_force": 99.9985268626168,
        "force_std": 10.835901196185802
    },
    "execution_time_mean": 0.03191849899303634,
    "execution_time_std": 0.0,
    "num_valid_runs": 1,
    "num_invalid_runs": 0,
    "all_validation_errors": []
}