{
    "combined_score": 0.0,
    "public": {
        "score": 0.0,
        "base_score": 25.731761982840734,
        "time_bonus": 1.0063878837075355,
        "energy_bonus": 9.036146326482835e-05,
        "success_bonus": 0.0,
        "stabilization_time": 1000,
        "stabilization_ratio": 1.0,
        "avg_energy_per_step": 0.8107150484185318,
        "total_energy": 810.7150484185319,
        "mean_step_reward": 0.025731761982840735,
        "final_theta_error": 2.071636638561781,
        "final_x_error": 57.3366963927473,
        "stable_theta_error": 1.4135447398821732,
        "stable_x_error": 67.04010260475991
    },
    "private": {
        "oscillation_penalty": -204.0,
        "angle_oscillation_penalty": -740.0,
        "boundary_penalty": -2000.0,
        "unstable_penalty": -500.0,
        "max_theta": 3.140915787298967,
        "max_x": 216.8134664695231,
        "max_force": 100.0,
        "force_std": 89.71390897571271
    },
    "execution_time_mean": 0.018303277996892575,
    "execution_time_std": 0.0,
    "num_valid_runs": 0,
    "num_invalid_runs": 1,
    "all_validation_errors": [
        "Cart moved out of bounds (>10.0m)"
    ]
}