{
    "combined_score": 4920.131703640289,
    "public": {
        "score": 4920.131703640289,
        "base_score": 393.4475253097103,
        "time_bonus": 2233.7913273855515,
        "energy_bonus": 2492.8928509450275,
        "success_bonus": 800.0,
        "stabilization_time": 192,
        "stabilization_ratio": 0.192,
        "avg_energy_per_step": 0.006443616707565094,
        "total_energy": 6.443616707565094,
        "mean_step_reward": 0.3934475253097103,
        "final_theta_error": 3.042917251505628e-08,
        "final_x_error": 3.116484285012249e-07,
        "stable_theta_error": 0.0034224552334749135,
        "stable_x_error": 0.02774464998539844
    },
    "private": {
        "oscillation_penalty": -0.0,
        "angle_oscillation_penalty": -0.0,
        "boundary_penalty": -1000.0,
        "unstable_penalty": 0.0,
        "max_theta": 0.9000000000000004,
        "max_x": 7.172544095093363,
        "max_force": 76.1720083170146,
        "force_std": 8.02721415326509
    },
    "execution_time_mean": 0.03657818499777932,
    "execution_time_std": 0.0,
    "num_valid_runs": 1,
    "num_invalid_runs": 0,
    "all_validation_errors": []
}