{
    "combined_score": 4926.639814441489,
    "public": {
        "score": 4926.639814441489,
        "base_score": 393.2170153220512,
        "time_bonus": 2240.646160253797,
        "energy_bonus": 2492.77663886564,
        "success_bonus": 800.0,
        "stabilization_time": 191,
        "stabilization_ratio": 0.191,
        "avg_energy_per_step": 0.006502024480760517,
        "total_energy": 6.502024480760517,
        "mean_step_reward": 0.3932170153220512,
        "final_theta_error": 0.00018437970968809836,
        "final_x_error": 0.0024413326274820494,
        "stable_theta_error": 0.004103543797022446,
        "stable_x_error": 0.06120488730602833
    },
    "private": {
        "oscillation_penalty": -0.0,
        "angle_oscillation_penalty": -0.0,
        "boundary_penalty": -1000.0,
        "unstable_penalty": 0.0,
        "max_theta": 0.9000000000000004,
        "max_x": 7.123975823400768,
        "max_force": 77.34533448364088,
        "force_std": 8.063513179999052
    },
    "execution_time_mean": 0.022363258998666424,
    "execution_time_std": 0.0,
    "num_valid_runs": 1,
    "num_invalid_runs": 0,
    "all_validation_errors": []
}