{
    "combined_score": 0.0,
    "public": {
        "score": 0.0,
        "base_score": 24.218844912863112,
        "time_bonus": 1.0063878837075355,
        "energy_bonus": 9.126388725797335e-05,
        "success_bonus": 0.0,
        "stabilization_time": 1000,
        "stabilization_ratio": 1.0,
        "avg_energy_per_step": 0.810453822288876,
        "total_energy": 810.4538222888759,
        "mean_step_reward": 0.02421884491286311,
        "final_theta_error": 0.2651348159076399,
        "final_x_error": 640.4298617599468,
        "stable_theta_error": 1.5440254174179577,
        "stable_x_error": 481.6739506413748
    },
    "private": {
        "oscillation_penalty": -46.0,
        "angle_oscillation_penalty": -1554.0,
        "boundary_penalty": -2000.0,
        "unstable_penalty": -500.0,
        "max_theta": 3.140399147882823,
        "max_x": 641.3790971370075,
        "max_force": 100.0,
        "force_std": 89.39686812533185
    },
    "execution_time_mean": 0.01829475500562694,
    "execution_time_std": 0.0,
    "num_valid_runs": 0,
    "num_invalid_runs": 1,
    "all_validation_errors": [
        "Cart moved out of bounds (>10.0m)"
    ]
}