{
    "combined_score": 4920.230794942208,
    "public": {
        "score": 4920.230794942208,
        "base_score": 393.5958189166364,
        "time_bonus": 2233.7913273855515,
        "energy_bonus": 2492.84364864002,
        "success_bonus": 800.0,
        "stabilization_time": 192,
        "stabilization_ratio": 0.192,
        "avg_energy_per_step": 0.006468396774283659,
        "total_energy": 6.46839677428366,
        "mean_step_reward": 0.3935958189166364,
        "final_theta_error": 1.7593887857714208e-07,
        "final_x_error": 0.007837835707608378,
        "stable_theta_error": 0.0034152545128404194,
        "stable_x_error": 0.03156005585374073
    },
    "private": {
        "oscillation_penalty": -0.0,
        "angle_oscillation_penalty": -0.0,
        "boundary_penalty": -1000.0,
        "unstable_penalty": 0.0,
        "max_theta": 0.9000000000000004,
        "max_x": 7.147593272612696,
        "max_force": 77.34301720888566,
        "force_std": 8.042634373935066
    },
    "execution_time_mean": 0.05019106499821646,
    "execution_time_std": 0.0,
    "num_valid_runs": 1,
    "num_invalid_runs": 0,
    "all_validation_errors": []
}