{
    "combined_score": 4005.557538958519,
    "public": {
        "score": 4005.557538958519,
        "base_score": 383.3965653242239,
        "time_bonus": 1390.7070524879955,
        "energy_bonus": 2431.4539211463,
        "success_bonus": 800.0,
        "stabilization_time": 310,
        "stabilization_ratio": 0.31,
        "avg_energy_per_step": 0.022853812710968827,
        "total_energy": 22.85381271096883,
        "mean_step_reward": 0.3833965653242239,
        "final_theta_error": 0.0004716872438566,
        "final_x_error": 0.007932394666500532,
        "stable_theta_error": 0.0035236481225464178,
        "stable_x_error": 0.09504299072349394
    },
    "private": {
        "oscillation_penalty": -0.0,
        "angle_oscillation_penalty": -0.0,
        "boundary_penalty": -1000.0,
        "unstable_penalty": 0.0,
        "max_theta": 1.1002767497778931,
        "max_x": 8.883716638720191,
        "max_force": 100.0,
        "force_std": 15.117477529558371
    },
    "execution_time_mean": 0.09034508899640059,
    "execution_time_std": 0.0,
    "num_valid_runs": 1,
    "num_invalid_runs": 0,
    "all_validation_errors": []
}