{
    "combined_score": 4947.5011998005775,
    "public": {
        "score": 4947.5011998005775,
        "base_score": 393.61521239990424,
        "time_bonus": 2261.120051823788,
        "energy_bonus": 2492.7659355768856,
        "success_bonus": 800.0,
        "stabilization_time": 188,
        "stabilization_ratio": 0.188,
        "avg_energy_per_step": 0.006507382944313575,
        "total_energy": 6.507382944313576,
        "mean_step_reward": 0.3936152123999042,
        "final_theta_error": 0.00015308943403624653,
        "final_x_error": 0.003955591076837176,
        "stable_theta_error": 0.003484062160316388,
        "stable_x_error": 0.042944685248310674
    },
    "private": {
        "oscillation_penalty": -0.0,
        "angle_oscillation_penalty": -0.0,
        "boundary_penalty": -1000.0,
        "unstable_penalty": 0.0,
        "max_theta": 0.9000000000000004,
        "max_x": 7.11674949372,
        "max_force": 78.1547618983937,
        "force_std": 8.066835156524172
    },
    "execution_time_mean": 0.0528634240035899,
    "execution_time_std": 0.0,
    "num_valid_runs": 1,
    "num_invalid_runs": 0,
    "all_validation_errors": []
}