{
    "combined_score": 4953.8427855202435,
    "public": {
        "score": 4953.8427855202435,
        "base_score": 393.2617525989607,
        "time_bonus": 2267.9135972021686,
        "energy_bonus": 2492.667435719114,
        "success_bonus": 800.0,
        "stabilization_time": 187,
        "stabilization_ratio": 0.187,
        "avg_energy_per_step": 0.006556532053708213,
        "total_energy": 6.556532053708213,
        "mean_step_reward": 0.3932617525989607,
        "final_theta_error": 0.00019401276064279216,
        "final_x_error": 0.005212676514593798,
        "stable_theta_error": 0.0038061910709096384,
        "stable_x_error": 0.05449513149224446
    },
    "private": {
        "oscillation_penalty": -0.0,
        "angle_oscillation_penalty": -0.0,
        "boundary_penalty": -1000.0,
        "unstable_penalty": 0.0,
        "max_theta": 0.9000000000000004,
        "max_x": 7.125216458438925,
        "max_force": 78.1547618983945,
        "force_std": 8.097241538762733
    },
    "execution_time_mean": 0.027007352997316048,
    "execution_time_std": 0.0,
    "num_valid_runs": 1,
    "num_invalid_runs": 0,
    "all_validation_errors": []
}