{
    "combined_score": 4724.007607689016,
    "public": {
        "score": 4724.007607689016,
        "base_score": 381.75817284397067,
        "time_bonus": 2086.859467347694,
        "energy_bonus": 2455.3899674973522,
        "success_bonus": 800.0,
        "stabilization_time": 213,
        "stabilization_ratio": 0.213,
        "avg_energy_per_step": 0.017953224290371394,
        "total_energy": 17.953224290371395,
        "mean_step_reward": 0.3817581728439707,
        "final_theta_error": 0.002750111960344803,
        "final_x_error": 0.19095473527619278,
        "stable_theta_error": 0.00729896550716383,
        "stable_x_error": 0.3649468481801915
    },
    "private": {
        "oscillation_penalty": -0.0,
        "angle_oscillation_penalty": -0.0,
        "boundary_penalty": -1000.0,
        "unstable_penalty": 0.0,
        "max_theta": 1.0582170205921506,
        "max_x": 8.735781595680306,
        "max_force": 100.0,
        "force_std": 13.398958505591745
    },
    "execution_time_mean": 0.03291806299239397,
    "execution_time_std": 0.0,
    "num_valid_runs": 1,
    "num_invalid_runs": 0,
    "all_validation_errors": []
}