{
    "combined_score": 4920.245423887272,
    "public": {
        "score": 4920.245423887272,
        "base_score": 393.6039464380964,
        "time_bonus": 2233.7913273855515,
        "energy_bonus": 2492.850150063624,
        "success_bonus": 800.0,
        "stabilization_time": 192,
        "stabilization_ratio": 0.192,
        "avg_energy_per_step": 0.006465126750927943,
        "total_energy": 6.465126750927943,
        "mean_step_reward": 0.3936039464380964,
        "final_theta_error": 2.870411153210739e-08,
        "final_x_error": 0.009824761410609346,
        "stable_theta_error": 0.003352507247411805,
        "stable_x_error": 0.0337092861353503
    },
    "private": {
        "oscillation_penalty": -0.0,
        "angle_oscillation_penalty": -0.0,
        "boundary_penalty": -1000.0,
        "unstable_penalty": 0.0,
        "max_theta": 0.9000000000000004,
        "max_x": 7.148039880440686,
        "max_force": 77.34400114380907,
        "force_std": 8.040601185517586
    },
    "execution_time_mean": 0.04801145600504242,
    "execution_time_std": 0.0,
    "num_valid_runs": 1,
    "num_invalid_runs": 0,
    "all_validation_errors": []
}