{
    "combined_score": 4906.684371934003,
    "public": {
        "score": 4906.684371934003,
        "base_score": 394.02874433790385,
        "time_bonus": 2220.0379463046092,
        "energy_bonus": 2492.6176812914896,
        "success_bonus": 800.0,
        "stabilization_time": 194,
        "stabilization_ratio": 0.194,
        "avg_energy_per_step": 0.006581247341986117,
        "total_energy": 6.581247341986117,
        "mean_step_reward": 0.39402874433790386,
        "final_theta_error": 0.00017097152841971663,
        "final_x_error": 0.001907409670457871,
        "stable_theta_error": 0.004156384243406045,
        "stable_x_error": 0.05497995847450642
    },
    "private": {
        "oscillation_penalty": -0.0,
        "angle_oscillation_penalty": -0.0,
        "boundary_penalty": -1000.0,
        "unstable_penalty": 0.0,
        "max_theta": 0.9000000000000004,
        "max_x": 7.086052725218106,
        "max_force": 81.30727617053478,
        "force_std": 8.112488731448677
    },
    "execution_time_mean": 0.021891156997298822,
    "execution_time_std": 0.0,
    "num_valid_runs": 1,
    "num_invalid_runs": 0,
    "all_validation_errors": []
}