{
    "combined_score": 3447.4722936192547,
    "public": {
        "score": 3447.4722936192547,
        "base_score": 368.57505309551425,
        "time_bonus": 786.9144728839084,
        "energy_bonus": 2491.982767639832,
        "success_bonus": 800.0,
        "stabilization_time": 409,
        "stabilization_ratio": 0.409,
        "avg_energy_per_step": 0.006890415619658302,
        "total_energy": 6.8904156196583015,
        "mean_step_reward": 0.36857505309551425,
        "final_theta_error": 9.336795869785419e-08,
        "final_x_error": 2.2329320914533887e-07,
        "stable_theta_error": 0.0038471005441662372,
        "stable_x_error": 0.022168869794417234
    },
    "private": {
        "oscillation_penalty": -0.0,
        "angle_oscillation_penalty": -0.0,
        "boundary_penalty": -1000.0,
        "unstable_penalty": 0.0,
        "max_theta": 0.9000000000000004,
        "max_x": 6.95669821381472,
        "max_force": 91.05251062868851,
        "force_std": 8.300852738230697
    },
    "execution_time_mean": 0.017850057000032393,
    "execution_time_std": 0.0,
    "num_valid_runs": 1,
    "num_invalid_runs": 0,
    "all_validation_errors": []
}