{
    "combined_score": 4920.135045575458,
    "public": {
        "score": 4920.135045575458,
        "base_score": 393.45493689022726,
        "time_bonus": 2233.7913273855515,
        "energy_bonus": 2492.888781299679,
        "success_bonus": 800.0,
        "stabilization_time": 192,
        "stabilization_ratio": 0.192,
        "avg_energy_per_step": 0.006445669200654892,
        "total_energy": 6.445669200654892,
        "mean_step_reward": 0.39345493689022726,
        "final_theta_error": 3.03581555449739e-08,
        "final_x_error": 3.1118278500247996e-07,
        "stable_theta_error": 0.0034167870493681586,
        "stable_x_error": 0.02772303686569545
    },
    "private": {
        "oscillation_penalty": -0.0,
        "angle_oscillation_penalty": -0.0,
        "boundary_penalty": -1000.0,
        "unstable_penalty": 0.0,
        "max_theta": 0.9000000000000004,
        "max_x": 7.172101331106881,
        "max_force": 76.16962313414028,
        "force_std": 8.028492510632839
    },
    "execution_time_mean": 0.009223429999110522,
    "execution_time_std": 0.0,
    "num_valid_runs": 1,
    "num_invalid_runs": 0,
    "all_validation_errors": []
}