{
    "combined_score": 4920.195760936196,
    "public": {
        "score": 4920.195760936196,
        "base_score": 393.59751829257675,
        "time_bonus": 2233.7913273855515,
        "energy_bonus": 2492.8069152580674,
        "success_bonus": 800.0,
        "stabilization_time": 192,
        "stabilization_ratio": 0.192,
        "avg_energy_per_step": 0.006486847951634912,
        "total_energy": 6.486847951634912,
        "mean_step_reward": 0.3935975182925768,
        "final_theta_error": 3.0412865559270585e-08,
        "final_x_error": 4.74703513046619e-08,
        "stable_theta_error": 0.003432768079536754,
        "stable_x_error": 0.02755754986347931
    },
    "private": {
        "oscillation_penalty": -0.0,
        "angle_oscillation_penalty": -0.0,
        "boundary_penalty": -1000.0,
        "unstable_penalty": 0.0,
        "max_theta": 0.9000000000000004,
        "max_x": 7.1449178438215455,
        "max_force": 77.87904133312901,
        "force_std": 8.054097063106019
    },
    "execution_time_mean": 0.018605084005685057,
    "execution_time_std": 0.0,
    "num_valid_runs": 1,
    "num_invalid_runs": 0,
    "all_validation_errors": []
}