{
    "combined_score": 4920.228190114793,
    "public": {
        "score": 4920.228190114793,
        "base_score": 393.5842672875667,
        "time_bonus": 2233.7913273855515,
        "energy_bonus": 2492.852595441674,
        "success_bonus": 800.0,
        "stabilization_time": 192,
        "stabilization_ratio": 0.192,
        "avg_energy_per_step": 0.006463896457980734,
        "total_energy": 6.463896457980734,
        "mean_step_reward": 0.39358426728756674,
        "final_theta_error": 1.7590987111404388e-07,
        "final_x_error": 0.00783652996732805,
        "stable_theta_error": 0.003414840145687287,
        "stable_x_error": 0.0315682359590801
    },
    "private": {
        "oscillation_penalty": -0.0,
        "angle_oscillation_penalty": -0.0,
        "boundary_penalty": -1000.0,
        "unstable_penalty": 0.0,
        "max_theta": 0.9000000000000004,
        "max_x": 7.149964773813657,
        "max_force": 77.25546922844055,
        "force_std": 8.03983609969946
    },
    "execution_time_mean": 0.05913083499763161,
    "execution_time_std": 0.0,
    "num_valid_runs": 1,
    "num_invalid_runs": 0,
    "all_validation_errors": []
}