{
    "combined_score": 4865.7508144150415,
    "public": {
        "score": 4865.7508144150415,
        "base_score": 394.2193183178938,
        "time_bonus": 2178.4471112210726,
        "energy_bonus": 2493.0843848760755,
        "success_bonus": 800.0,
        "stabilization_time": 200,
        "stabilization_ratio": 0.2,
        "avg_energy_per_step": 0.006346422568807894,
        "total_energy": 6.346422568807894,
        "mean_step_reward": 0.3942193183178938,
        "final_theta_error": 4.125789665465618e-08,
        "final_x_error": 2.2844408850982652e-07,
        "stable_theta_error": 0.0037055601043350134,
        "stable_x_error": 0.0286083319526772
    },
    "private": {
        "oscillation_penalty": -0.0,
        "angle_oscillation_penalty": -0.0,
        "boundary_penalty": -1000.0,
        "unstable_penalty": 0.0,
        "max_theta": 0.9000000000000004,
        "max_x": 7.1433347425995155,
        "max_force": 76.79207560414032,
        "force_std": 7.9664437281158875
    },
    "execution_time_mean": 0.040580677003163146,
    "execution_time_std": 0.0,
    "num_valid_runs": 1,
    "num_invalid_runs": 0,
    "all_validation_errors": []
}