{
    "combined_score": 4920.148747820551,
    "public": {
        "score": 4920.148747820551,
        "base_score": 393.6490404953108,
        "time_bonus": 2233.7913273855515,
        "energy_bonus": 2492.708379939689,
        "success_bonus": 800.0,
        "stabilization_time": 192,
        "stabilization_ratio": 0.192,
        "avg_energy_per_step": 0.006536137526305535,
        "total_energy": 6.536137526305534,
        "mean_step_reward": 0.39364904049531085,
        "final_theta_error": 3.035734952305802e-08,
        "final_x_error": 3.0905630911534767e-07,
        "stable_theta_error": 0.003424645764986927,
        "stable_x_error": 0.02752290349560695
    },
    "private": {
        "oscillation_penalty": -0.0,
        "angle_oscillation_penalty": -0.0,
        "boundary_penalty": -1000.0,
        "unstable_penalty": 0.0,
        "max_theta": 0.9000000000000004,
        "max_x": 7.138779342149909,
        "max_force": 79.47980895595718,
        "force_std": 8.084638226163682
    },
    "execution_time_mean": 0.03677179399528541,
    "execution_time_std": 0.0,
    "num_valid_runs": 1,
    "num_invalid_runs": 0,
    "all_validation_errors": []
}