{
    "combined_score": 0.0,
    "public": {
        "score": 0.0,
        "base_score": 7.326018824133466,
        "time_bonus": 1.0063878837075355,
        "energy_bonus": 7.586651714282832e-08,
        "success_bonus": 0.0,
        "stabilization_time": 1000,
        "stabilization_ratio": 1.0,
        "avg_energy_per_step": 0.9825071545377436,
        "total_energy": 982.5071545377436,
        "mean_step_reward": 0.007326018824133466,
        "final_theta_error": 2.940594736697524,
        "final_x_error": 4400.969932677274,
        "stable_theta_error": 2.1450454953175346,
        "stable_x_error": 1794.6317755948583
    },
    "private": {
        "oscillation_penalty": -1.0,
        "angle_oscillation_penalty": -278.0,
        "boundary_penalty": -2000.0,
        "unstable_penalty": -500.0,
        "max_theta": 3.1385368613995226,
        "max_x": 4400.969932677274,
        "max_force": 100.0,
        "force_std": 23.975746788352968
    },
    "execution_time_mean": 0.05075915799534414,
    "execution_time_std": 0.0,
    "num_valid_runs": 0,
    "num_invalid_runs": 1,
    "all_validation_errors": [
        "Cart moved out of bounds (>10.0m)"
    ]
}