{
    "combined_score": 4196.661509994789,
    "public": {
        "score": 4196.661509994789,
        "base_score": 367.54216588104885,
        "time_bonus": 1957.6098967144626,
        "energy_bonus": 2471.509447399278,
        "success_bonus": 400.0,
        "stabilization_time": 231,
        "stabilization_ratio": 0.231,
        "avg_energy_per_step": 0.013969174655443166,
        "total_energy": 13.969174655443165,
        "mean_step_reward": 0.3675421658810488,
        "final_theta_error": 0.00021484044604536123,
        "final_x_error": 0.8444660874814062,
        "stable_theta_error": 0.005010436579567931,
        "stable_x_error": 0.492725098192383
    },
    "private": {
        "oscillation_penalty": -0.0,
        "angle_oscillation_penalty": -0.0,
        "boundary_penalty": -1000.0,
        "unstable_penalty": 0.0,
        "max_theta": 1.0239155374746276,
        "max_x": 9.31638259095174,
        "max_force": 100.0,
        "force_std": 11.81911685176222
    },
    "execution_time_mean": 0.03249531899928115,
    "execution_time_std": 0.0,
    "num_valid_runs": 1,
    "num_invalid_runs": 0,
    "all_validation_errors": []
}