{
    "combined_score": 0.0,
    "public": {
        "score": 0.0,
        "base_score": 12.484848104728691,
        "time_bonus": 1.0063878837075355,
        "energy_bonus": 2499.388912908253,
        "success_bonus": 0.0,
        "stabilization_time": 1000,
        "stabilization_ratio": 1.0,
        "avg_energy_per_step": 0.0016474797987681609,
        "total_energy": 1.6474797987681609,
        "mean_step_reward": 0.01248484810472869,
        "final_theta_error": 3.0618292710076354,
        "final_x_error": 60.593591281842095,
        "stable_theta_error": 2.3927504267421926,
        "stable_x_error": 30.412060007703833
    },
    "private": {
        "oscillation_penalty": -0.0,
        "angle_oscillation_penalty": -30.0,
        "boundary_penalty": -2000.0,
        "unstable_penalty": -500.0,
        "max_theta": 3.141450706247621,
        "max_x": 60.593591281842095,
        "max_force": 12.598085382902813,
        "force_std": 3.8703485887753577
    },
    "execution_time_mean": 0.009416786007932387,
    "execution_time_std": 0.0,
    "num_valid_runs": 0,
    "num_invalid_runs": 1,
    "all_validation_errors": [
        "Cart moved out of bounds (>10.0m)"
    ]
}