{
    "combined_score": 0.0,
    "public": {
        "score": 0.0,
        "base_score": 15.815410900230265,
        "time_bonus": 1.0063878837075355,
        "energy_bonus": 2466.67940228568,
        "success_bonus": 0.0,
        "stabilization_time": 1000,
        "stabilization_ratio": 1.0,
        "avg_energy_per_step": 0.015247219193325098,
        "total_energy": 15.247219193325098,
        "mean_step_reward": 0.015815410900230264,
        "final_theta_error": 2.2505628379641474,
        "final_x_error": 22.062897156714563,
        "stable_theta_error": 2.230164926687485,
        "stable_x_error": 17.171667728368295
    },
    "private": {
        "oscillation_penalty": -0.0,
        "angle_oscillation_penalty": -34.0,
        "boundary_penalty": -2000.0,
        "unstable_penalty": -500.0,
        "max_theta": 3.1407471586161426,
        "max_x": 22.36506505677378,
        "max_force": 20.492069032596063,
        "force_std": 12.346079107302215
    },
    "execution_time_mean": 0.018253379996167496,
    "execution_time_std": 0.0,
    "num_valid_runs": 0,
    "num_invalid_runs": 1,
    "all_validation_errors": [
        "Cart moved out of bounds (>10.0m)"
    ]
}