{
    "combined_score": 0.0,
    "public": {
        "score": 0.0,
        "base_score": 7.159315048865409,
        "time_bonus": 1.0063878837075355,
        "energy_bonus": 6.909006221314187e-08,
        "success_bonus": 0.0,
        "stabilization_time": 1000,
        "stabilization_ratio": 1.0,
        "avg_energy_per_step": 0.9846141222137847,
        "total_energy": 984.6141222137848,
        "mean_step_reward": 0.0071593150488654085,
        "final_theta_error": 2.9399206229657135,
        "final_x_error": 4432.743654169656,
        "stable_theta_error": 2.152392129597026,
        "stable_x_error": 1819.629141937015
    },
    "private": {
        "oscillation_penalty": -0.0,
        "angle_oscillation_penalty": -286.0,
        "boundary_penalty": -2000.0,
        "unstable_penalty": -500.0,
        "max_theta": 3.13959104213583,
        "max_x": 4432.743654169656,
        "max_force": 100.0,
        "force_std": 22.090586998173528
    },
    "execution_time_mean": 0.03381959100079257,
    "execution_time_std": 0.0,
    "num_valid_runs": 0,
    "num_invalid_runs": 1,
    "all_validation_errors": [
        "Cart moved out of bounds (>5.0m)"
    ]
}